chromosome	strand	unit_start	unit_end	unit_span_bp	18S_start	18S_end	5.8S_start	5.8S_end	26S_equiv_start	26S_equiv_end
chr14_1	-	14292	23934	9643	14292	16098	23774	23927	20173	23934
chr14_1	-	59353	68996	9644	59353	61159	68836	68989	65235	68996
chr14_1	-	256026	265491	9466	256026	257833	265331	265484	261730	265491
chr14_1	+	336664	342364	5701	336664	338357	338594	338747	338587	342364
chr14_1	+	2913384	2915918	2535	2913384	2914473	2915111	2915264	2915105	2915918
chr16_1	+	7249926	7255634	5709	7249926	7251687	7251924	7252077	7251918	7255634
chr16_1	+	7702080	7705276	3197	7702080	7703886	7704123	7704276	7704116	7705276
chr16_1	+	7713235	7716386	3152	7713235	7715041	7715278	7715431	7715271	7716386
chr16_1	+	7723273	7729069	5797	7723273	7725079	7725316	7725469	7725309	7729069
chr16_1	+	7754378	7760174	5797	7754378	7756184	7756421	7756574	7756414	7760174
chr16_1	+	7764624	7770420	5797	7764624	7766430	7766667	7766820	7766660	7770420
chr16_1	+	7773646	7779442	5797	7773646	7775452	7775689	7775842	7775682	7779442
chr16_1	+	7801834	7807630	5797	7801834	7803640	7803877	7804030	7803870	7807630
chr16_1	+	7818668	7822307	3640	7818668	7820474	7820711	7820864	7820704	7822307
chr16_1	+	7827633	7833429	5797	7827633	7829439	7829676	7829829	7829669	7833429
chr16_1	+	7844497	7850293	5797	7844497	7846303	7846540	7846693	7846533	7850293
chr16_1	+	7855286	7861082	5797	7855286	7857092	7857329	7857482	7857322	7861082
chr16_1	+	7880143	7885941	5799	7880143	7881949	7882186	7882339	7882179	7885941
chr16_1	+	7889902	7895699	5798	7889902	7891708	7891945	7892098	7891938	7895699
chr16_1	+	7899132	7904930	5799	7899132	7900938	7901175	7901328	7901168	7904930
chr16_1	+	7908893	7914690	5798	7908893	7910699	7910936	7911089	7910929	7914690
chr16_1	+	7923098	7928894	5797	7923098	7924904	7925141	7925294	7925134	7928894
chr16_1	+	7933192	7938989	5798	7933192	7934998	7935235	7935388	7935228	7938989
chr16_1	+	7942952	7948748	5797	7942952	7944758	7944995	7945148	7944988	7948748
chr16_1	+	7952375	7958151	5777	7952375	7954161	7954398	7954551	7954391	7958151
chr16_1	+	7962448	7968244	5797	7962448	7964254	7964491	7964644	7964484	7968244
chr16_1	+	7971562	7977359	5798	7971562	7973368	7973605	7973758	7973598	7977359
chr16_1	+	7981344	7987136	5793	7981344	7983145	7983382	7983535	7983375	7987136
chr16_1	+	7991454	7997251	5798	7991454	7993260	7993497	7993650	7993490	7997251
chr16_1	+	8003206	8009003	5798	8003206	8005012	8005249	8005402	8005242	8009003
chr16_1	+	8017594	8023391	5798	8017594	8019400	8019637	8019790	8019630	8023391
chr16_1	+	8027710	8033507	5798	8027710	8029516	8029753	8029906	8029746	8033507
chr16_1	+	8037507	8043304	5798	8037507	8039313	8039550	8039703	8039543	8043304
chr16_1	+	8047290	8053087	5798	8047290	8049096	8049333	8049486	8049326	8053087
chr16_1	+	8057088	8062885	5798	8057088	8058894	8059131	8059284	8059124	8062885
chr16_1	+	8067211	8073008	5798	8067211	8069017	8069254	8069407	8069247	8073008
chr16_1	+	8076660	8082457	5798	8076660	8078466	8078703	8078856	8078696	8082457
chr16_1	+	8093093	8098890	5798	8093093	8094899	8095136	8095289	8095129	8098890
chr16_1	+	8102876	8108673	5798	8102876	8104682	8104919	8105072	8104912	8108673
chr16_1	+	8112992	8118789	5798	8112992	8114798	8115035	8115188	8115028	8118789
chr16_1	+	8130072	8135869	5798	8130072	8131878	8132115	8132268	8132108	8135869
chr16_1	+	8146486	8152284	5799	8146486	8148293	8148530	8148683	8148523	8152284
chr16_1	+	8155937	8161733	5797	8155937	8157743	8157980	8158133	8157973	8161733
chr16_1	+	8173598	8179396	5799	8173598	8175405	8175642	8175795	8175635	8179396
chr16_1	+	8190346	8196143	5798	8190346	8192152	8192389	8192542	8192382	8196143
chr16_1	+	8199797	8205594	5798	8199797	8201603	8201840	8201993	8201833	8205594
chr16_1	+	8209912	8215709	5798	8209912	8211718	8211955	8212108	8211948	8215709
chr16_1	+	8219361	8225158	5798	8219361	8221167	8221404	8221557	8221397	8225158
chr16_1	+	8228810	8234607	5798	8228810	8230616	8230853	8231006	8230846	8234607
chr16_1	+	8238925	8244722	5798	8238925	8240731	8240968	8241121	8240961	8244722
chr16_1	+	8248375	8254172	5798	8248375	8250181	8250418	8250571	8250411	8254172
chr16_1	+	8266037	8271835	5799	8266037	8267844	8268081	8268234	8268074	8271835
chr16_1	+	8282785	8288582	5798	8282785	8284591	8284828	8284981	8284821	8288582
chr16_1	+	8292235	8298032	5798	8292235	8294041	8294278	8294431	8294271	8298032
chr16_1	+	8302350	8308147	5798	8302350	8304156	8304393	8304546	8304386	8308147
chr6_1	+	11298874	11302826	3953	11298874	11300586	11300823	11300976	11300816	11302826
chr6_1	+	11304647	11311669	7023	11304647	11305782	11308788	11308941	11308781	11311669
chr6_1	+	11324714	11330370	5657	11324714	11326068	11326616	11326770	11326609	11330370
chr6_1	+	11336305	11341558	5254	11336305	11338112	11338349	11338502	11338342	11341558
chr6_1	+	11349551	11355347	5797	11349551	11351357	11351594	11351747	11351587	11355347
chr6_1	+	11358060	11363856	5797	11358060	11359866	11360103	11360256	11360096	11363856
chr6_1	+	11371843	11377639	5797	11371843	11373649	11373886	11374039	11373879	11377639
chr6_1	+	11380352	11386148	5797	11380352	11382158	11382395	11382548	11382388	11386148
chr6_1	+	11394135	11399931	5797	11394135	11395941	11396178	11396331	11396171	11399931
chr6_1	+	11404128	11409924	5797	11404128	11405934	11406171	11406324	11406165	11409924
chr6_1	+	11413967	11419765	5799	11413967	11415773	11416010	11416163	11416003	11419765
chr6_1	+	11423808	11429606	5799	11423808	11425614	11425851	11426004	11425844	11429606
chr6_1	+	11433801	11439597	5797	11433801	11435607	11435844	11435995	11435837	11439597
chr6_1	+	11443430	11449216	5787	11443430	11445236	11445463	11445616	11445456	11449216
chr6_1	+	11453200	11458986	5787	11453200	11455006	11455233	11455386	11455226	11458986
chr6_1	+	11487970	11493766	5797	11487970	11489776	11490013	11490166	11490006	11493766
chr6_1	+	11509904	11515677	5774	11509904	11511710	11511947	11512100	11511940	11515677
chr6_1	+	11519138	11524934	5797	11519138	11520944	11521181	11521334	11521174	11524934
chr6_1	+	11528395	11534191	5797	11528395	11530201	11530438	11530591	11530431	11534191
chr6_1	+	11568444	11574240	5797	11568444	11570250	11570487	11570640	11570480	11574240
chr6_1	+	11587101	11592897	5797	11587101	11588907	11589144	11589297	11589137	11592897
chr6_1	+	11601458	11607255	5798	11601458	11603264	11603501	11603654	11603494	11607255
chr6_1	+	11611705	11617501	5797	11611705	11613511	11613748	11613901	11613741	11617501
chr6_1	+	11635007	11640803	5797	11635007	11636813	11637050	11637203	11637043	11640803
chr6_1	+	11649034	11654830	5797	11649034	11650840	11651077	11651230	11651070	11654830
chr6_1	+	11684975	11690771	5797	11684975	11686780	11687018	11687171	11687011	11690771
chr6_1	+	11703631	11709427	5797	11703631	11705437	11705674	11705827	11705667	11709427
chr6_1	+	11714228	11720024	5797	11714228	11716034	11716271	11716424	11716264	11720024
chr6_1	+	11724263	11730059	5797	11724263	11726069	11726306	11726455	11726299	11730059
chr6_1	+	11738300	11744096	5797	11738300	11740106	11740343	11740496	11740336	11744096
chr6_1	+	11778408	11784204	5797	11778408	11780214	11780451	11780604	11780444	11784204
chr6_1	+	11797828	11803625	5798	11797828	11799634	11799871	11800024	11799864	11803625
chr6_1	+	11808084	11813880	5797	11808084	11809890	11810127	11810280	11810120	11813880
chr6_1	+	11825313	11831109	5797	11825313	11827119	11827356	11827509	11827349	11831109
chr6_1	+	11842022	11847817	5796	11842022	11843828	11844065	11844218	11844058	11847817
chr6_1	+	11852135	11857932	5798	11852135	11853941	11854178	11854331	11854171	11857932
chr6_1	+	11862250	11868047	5798	11862250	11864056	11864293	11864446	11864286	11868047
chr6_1	+	11871699	11877496	5798	11871699	11873505	11873742	11873895	11873735	11877496
chr6_1	+	11881148	11886945	5798	11881148	11882954	11883191	11883344	11883184	11886945
chr6_1	+	11890597	11896394	5798	11890597	11892403	11892640	11892793	11892633	11896394
chr6_1	+	11907310	11913107	5798	11907310	11909116	11909353	11909506	11909346	11913107
chr6_1	+	11917425	11923222	5798	11917425	11919231	11919468	11919621	11919461	11923222
chr6_1	+	11929942	11935739	5798	11929942	11931748	11931985	11932138	11931978	11935739
chr6_1	+	11945192	11950989	5798	11945192	11946998	11947235	11947388	11947228	11950989
chr6_1	+	11955974	11961771	5798	11955974	11957780	11958017	11958170	11958010	11961771
chr6_1	+	11966089	11971886	5798	11966089	11967895	11968132	11968285	11968125	11971886
chr7_1	+	11383418	11386278	2861	11383418	11385224	11385459	11385612	11385453	11386278
chr7_1	+	11447419	11453215	5797	11447419	11449225	11449462	11449615	11449455	11453215
chr7_1	+	11491219	11494901	3683	11491219	11493025	11493265	11493418	11493259	11494901
chr7_1	+	11505054	11510853	5800	11505054	11506861	11507101	11507254	11507095	11510853
chr7_1	+	11520393	11524075	3683	11520393	11522199	11522439	11522592	11522433	11524075
chr7_1	+	11527699	11533498	5800	11527699	11529506	11529746	11529899	11529740	11533498
chr7_1	+	11542220	11548019	5800	11542220	11544027	11544267	11544420	11544261	11548019
chr7_1	+	11579850	11585604	5755	11579850	11581657	11581897	11582050	11581891	11585604
chr7_1	+	11754894	11760690	5797	11754894	11756700	11756937	11757090	11756930	11760690
chr7_1	+	11773771	11779037	5267	11773771	11775578	11775815	11775968	11775808	11779037
chr7_1	+	11799526	11805322	5797	11799526	11801332	11801569	11801722	11801562	11805322
chr7_1	+	11809526	11815322	5797	11809526	11811332	11811569	11811722	11811562	11815322
chr7_1	+	11820467	11826263	5797	11820467	11822273	11822510	11822663	11822503	11826263
chr7_1	+	11830836	11836632	5797	11830836	11832642	11832879	11833032	11832872	11836632
chr7_1	+	11841777	11847573	5797	11841777	11843583	11843820	11843973	11843813	11847573
chr7_1	+	11852146	11857942	5797	11852146	11853952	11854189	11854342	11854182	11857942
chr7_1	+	11863059	11868855	5797	11863059	11864865	11865102	11865255	11865095	11868855
chr7_1	+	11873096	11878806	5711	11873096	11874902	11875139	11875292	11875132	11878806
chr7_1	+	11882681	11888477	5797	11882681	11884487	11884724	11884877	11884717	11888477
chr8_1	+	10853607	10859403	5797	10853607	10855413	10855650	10855803	10855643	10859403
chr8_1	+	10863365	10871375	8011	10863365	10865172	10867622	10867775	10867615	10871375
chr8_1	+	10879584	10885380	5797	10879584	10881391	10881628	10881781	10881621	10885380
chr8_1	+	10889366	10895162	5797	10889366	10891173	10891410	10891563	10891403	10895162
chr8_1	+	10905932	10911728	5797	10905932	10907738	10907975	10908128	10907968	10911728
chr8_1	+	10915690	10921488	5799	10915690	10917497	10917734	10917887	10917727	10921488
chr8_1	+	10926705	10934715	8011	10926705	10928512	10930962	10931115	10930955	10934715
chr8_1	+	10942924	10948720	5797	10942924	10944731	10944968	10945121	10944961	10948720
chr8_1	+	10952706	10958502	5797	10952706	10954513	10954750	10954903	10954743	10958502
chr8_1	+	10968977	10974564	5588	10968977	10970784	10971021	10971174	10971014	10974564
chr8_1	+	10977585	10983382	5798	10977585	10979392	10979629	10979782	10979622	10983382
chr8_1	+	10999109	11004905	5797	10999109	11000915	11001152	11001305	11001145	11004905
chr8_1	+	11017750	11023546	5797	11017750	11019556	11019793	11019946	11019786	11023546
chr8_1	+	11028584	11034381	5798	11028584	11030390	11030627	11030780	11030620	11034381
chr8_1	+	11044864	11050661	5798	11044864	11046670	11046907	11047060	11046900	11050661
chr8_1	+	11059879	11065676	5798	11059879	11061685	11061922	11062075	11061915	11065676
chr8_1	+	11069327	11075123	5797	11069327	11071133	11071370	11071523	11071363	11075123
chr8_1	+	11083708	11089428	5721	11083708	11085514	11085675	11085828	11085668	11089428
chr8_1	+	11093292	11099088	5797	11093292	11095098	11095335	11095488	11095328	11099088
chr8_1	+	11102319	11106226	3908	11102319	11104125	11104362	11104515	11104355	11106226
chr8_1	+	11128071	11130924	2854	11128071	11129877	11130114	11130267	11130107	11130924
chr8_1	+	11141135	11146902	5768	11141135	11142941	11143178	11143331	11143171	11146902
chr8_1	+	11151821	11157618	5798	11151821	11153627	11153864	11154017	11153857	11157618
chr8_1	+	11171445	11177242	5798	11171445	11173251	11173488	11173641	11173481	11177242
chr8_1	+	11181528	11187325	5798	11181528	11183334	11183571	11183724	11183564	11187325
chr8_1	+	11196123	11201920	5798	11196123	11197929	11198166	11198319	11198159	11201920
chr8_1	+	11206207	11212006	5800	11206207	11208013	11208250	11208403	11208243	11212006
chr8_1	+	11216292	11222089	5798	11216292	11218098	11218335	11218488	11218328	11222089
chr8_1	+	11226376	11232175	5800	11226376	11228182	11228419	11228572	11228412	11232175
chr8_1	+	11236460	11242258	5799	11236460	11238266	11238503	11238656	11238496	11242258
chr8_1	+	11246333	11252131	5799	11246333	11248139	11248376	11248529	11248369	11252131
chr8_1	+	11256206	11262003	5798	11256206	11258012	11258249	11258402	11258242	11262003
chr8_1	+	11266501	11272298	5798	11266501	11268307	11268544	11268697	11268537	11272298
chr8_1	+	11276796	11282593	5798	11276796	11278602	11278839	11278992	11278832	11282593
chr8_1	+	11287724	11293521	5798	11287724	11289530	11289767	11289920	11289760	11293521
chr8_1	+	11297597	11303394	5798	11297597	11299403	11299640	11299793	11299633	11303394
chr8_1	+	11306678	11312475	5798	11306678	11308484	11308721	11308874	11308714	11312475
chr8_1	+	11316762	11322559	5798	11316762	11318568	11318805	11318958	11318798	11322559
chr8_1	+	11327056	11332853	5798	11327056	11328862	11329099	11329252	11329092	11332853
chr8_1	+	11336929	11342726	5798	11336929	11338735	11338972	11339125	11338965	11342726
chr8_1	+	11347013	11352811	5799	11347013	11348819	11349056	11349209	11349049	11352811
chr8_1	+	11357073	11362871	5799	11357073	11358879	11359116	11359269	11359109	11362871
chr8_1	+	11366946	11372743	5798	11366946	11368752	11368989	11369142	11368982	11372743
chr8_1	+	11383533	11389330	5798	11383533	11385339	11385576	11385729	11385569	11389330
chr8_1	+	11393828	11399625	5798	11393828	11395634	11395871	11396024	11395864	11399625
chr8_1	+	11403323	11409120	5798	11403323	11405129	11405366	11405519	11405359	11409120
chr8_1	+	11413383	11419180	5798	11413383	11415189	11415426	11415579	11415419	11419180
h1tg000251l	+	1131	6849	5719	1131	2858	3095	3248	3088	6849
h1tg000251l	+	10991	16787	5797	10991	12797	13034	13187	13027	16787
h1tg000251l	+	18019	23816	5798	18019	19825	20062	20215	20055	23816
h1tg000251l	+	37588	43385	5798	37588	39394	39631	39784	39624	43385
h1tg000251l	+	48035	53832	5798	48035	49841	50078	50231	50071	53832
h1tg000251l	+	58149	63946	5798	58149	59955	60192	60345	60185	63946
h1tg000251l	+	68263	74060	5798	68263	70069	70306	70459	70299	74060
h1tg000251l	+	85033	90830	5798	85033	86839	87076	87229	87069	90830
h1tg000251l	+	95148	100945	5798	95148	96954	97191	97344	97184	100945
h1tg000251l	+	104929	110726	5798	104929	106735	106972	107125	106965	110726
h1tg000251l	+	114712	120509	5798	114712	116518	116755	116908	116748	120509
h1tg000251l	+	123827	129623	5797	123827	125633	125870	126023	125863	129623
h1tg000251l	+	133940	139737	5798	133940	135746	135983	136136	135976	139737
h1tg000251l	+	143722	149519	5798	143722	145528	145765	145918	145758	149519
h1tg000251l	+	153503	159299	5797	153503	155309	155546	155699	155539	159299
h1tg000251l	+	162951	168748	5798	162951	164757	164994	165147	164987	168748
h1tg000251l	+	172733	178530	5798	172733	174539	174776	174929	174769	178530
h1tg000251l	+	182182	187979	5798	182182	183988	184225	184378	184218	187979
h1tg000251l	+	191964	197761	5798	191964	193770	194007	194160	194000	197761
h1tg000251l	+	201746	207543	5798	201746	203552	203789	203942	203782	207543
h1tg000251l	+	211527	217324	5798	211527	213333	213570	213723	213563	217324
h1tg000251l	+	221308	227105	5798	221308	223114	223351	223504	223344	227105
h1tg000251l	+	231423	237220	5798	231423	233229	233466	233619	233459	237220
h1tg000251l	+	241538	247335	5798	241538	243344	243581	243734	243574	247335
h1tg000251l	+	250987	256784	5798	250987	252793	253030	253183	253023	256784
h1tg000251l	+	261102	266899	5798	261102	262908	263145	263298	263138	266899
h1tg000251l	+	271217	277014	5798	271217	273023	273260	273413	273253	277014
h1tg000251l	+	280666	286463	5798	280666	282472	282709	282862	282702	286463
h1tg000251l	+	290448	296245	5798	290448	292254	292491	292644	292484	296245
h1tg000251l	+	300563	306360	5798	300563	302369	302606	302759	302599	306360
h1tg000251l	+	310012	315809	5798	310012	311818	312055	312208	312048	315809
h1tg000251l	+	320460	326250	5791	320460	322259	322496	322649	322489	326250
h1tg000278l	+	232321	234093	1773	232321	232797	233034	233187	233027	234093
h1tg000278l	+	288039	293836	5798	288039	289845	290082	290235	290075	293836
h1tg000278l	+	297823	303619	5797	297823	299629	299866	300019	299859	303619
h1tg000278l	+	307376	313173	5798	307376	309183	309420	309573	309413	313173
h1tg000278l	+	316929	322710	5782	316929	318736	318973	319126	318966	322710
h1tg000278l	+	327187	332984	5798	327187	328994	329231	329384	329224	332984
h1tg000278l	+	343548	349344	5797	343548	345354	345591	345744	345584	349344
h1tg000278l	+	353631	359428	5798	353631	355438	355675	355828	355668	359428
h1tg000278l	+	363293	369092	5800	363293	365101	365338	365491	365331	369092
h1tg000278l	+	373570	379367	5798	373570	375376	375613	375766	375606	379367
h1tg000278l	+	383654	387799	4146	383654	384145	385478	385631	385471	387799
h1tg000293l	+	13544	19341	5798	13544	15350	15587	15740	15580	19341
h1tg000293l	+	23230	29027	5798	23230	25036	25273	25426	25266	29027
h1tg000293l	+	37636	43433	5798	37636	39442	39679	39832	39672	43433
h1tg000293l	+	52439	58236	5798	52439	54245	54482	54635	54475	58236
h1tg000293l	+	67466	73263	5798	67466	69272	69509	69662	69502	73263
h1tg000293l	+	77152	82949	5798	77152	78958	79195	79348	79188	82949
h1tg000293l	+	87235	93032	5798	87235	89041	89278	89431	89271	93032
h1tg000293l	+	105813	111610	5798	105813	107619	107856	108009	107849	111610
h1tg000293l	+	120308	126113	5806	120308	122114	122351	122504	122344	126113
h1tg000293l	+	130002	135799	5798	130002	131808	132045	132198	132038	135799
h1tg000293l	+	139688	145485	5798	139688	141494	141731	141884	141724	145485
h1tg000293l	+	149658	155455	5798	149658	151464	151701	151854	151694	155455
h1tg000293l	+	159344	165141	5798	159344	161150	161387	161540	161380	165141
h1tg000293l	+	169030	174827	5798	169030	170836	171073	171226	171066	174827
h1tg000293l	+	179113	184910	5798	179113	180919	181156	181309	181149	184910
h1tg000293l	+	196022	201819	5798	196022	197828	198065	198218	198058	201819
h1tg000293l	+	205708	211505	5798	205708	207514	207751	207904	207744	211505
h1tg000293l	+	215791	221588	5798	215791	217597	217834	217987	217827	221588
h1tg000293l	+	228554	234351	5798	228554	230360	230597	230750	230590	234351
h1tg000293l	+	238240	244037	5798	238240	240046	240283	240436	240276	244037
h1tg000293l	+	248323	254120	5798	248323	250129	250366	250519	250359	254120
h1tg000293l	+	258406	264203	5798	258406	260212	260449	260602	260442	264203
h1tg000293l	+	273112	278909	5798	273112	274918	275155	275308	275148	278909
h1tg000293l	+	282798	287034	4237	282798	284604	284841	284994	284834	287034
h1tg000926l	-	6860	16745	9886	6860	8666	16585	16738	12984	16745
h1tg000926l	-	16975	26860	9886	16975	18781	26700	26853	23099	26860
h1tg000926l	-	27090	36975	9886	27090	28896	36815	36968	33214	36975
h1tg000926l	-	37205	47090	9886	37205	39011	46930	47083	43329	47090
h1tg000926l	-	57768	67653	9886	57768	59574	67493	67646	63892	67653
h1tg000926l	-	67883	77770	9888	67883	69689	77610	77763	74007	77770
h1tg000926l	-	88448	98333	9886	88448	90254	98173	98326	94572	98333
h1tg000926l	-	115309	125194	9886	115309	117115	125034	125187	121433	125194
h1tg000926l	-	125424	135309	9886	125424	127230	135149	135302	131548	135309
h1tg000926l	-	142294	152179	9886	142294	144100	152019	152172	148418	152179
h1tg000926l	-	152409	162277	9869	152409	154215	162117	162270	158528	162277
h1tg000926l	-	162507	172392	9886	162507	164313	172232	172385	168631	172392
h1tg000926l	-	172622	182507	9886	172622	174428	182347	182500	178746	182507
h1tg000926l	-	182737	192622	9886	182737	184543	192462	192615	188861	192622
h1tg000926l	-	199607	209492	9886	199607	201413	209332	209485	205731	209492
h1tg000926l	-	222939	232824	9886	222939	224745	232664	232817	229063	232824
h1tg000926l	-	249800	259685	9886	249800	251606	259525	259678	255924	259685
h1tg000927l	-	1679	11229	9551	1679	3485	11069	11222	7468	11229
h1tg000927l	-	11459	21009	9551	11459	13265	20849	21002	17248	21009
h1tg000927l	-	21239	30790	9552	21239	23045	30630	30783	27029	30790
h1tg000927l	-	96297	105769	9473	96297	98103	105609	105762	102009	105769
h1tg000927l	-	120804	130795	9992	120804	122610	130635	130788	127059	130795
h1tg000927l	-	131025	140140	9116	131025	132831	139980	140133	136404	140140
h1tg000927l	-	159065	168537	9473	159065	160871	168377	168530	164777	168537
h1tg000927l	-	168767	178571	9805	168767	170574	178411	178564	174811	178571
h1tg000927l	-	189224	195331	6108	189224	190275	195171	195324	191571	195331
h1tg000927l	-	195561	205201	9641	195561	197368	205041	205194	201442	205201
h1tg000927l	-	244276	253239	8964	244276	246082	253079	253232	249489	253239
h1tg000927l	-	263715	272678	8964	263715	265521	272518	272671	268928	272678
h1tg000928l	-	22451	31670	9220	22451	24257	31510	31663	27909	31670
h1tg000928l	-	31900	41119	9220	31900	33706	40959	41112	37358	41119
h1tg000928l	+	67218	73015	5798	67218	69024	69261	69414	69254	73015
h1tg000928l	+	77333	83130	5798	77333	79139	79376	79529	79369	83130
h1tg000928l	+	86781	92578	5798	86781	88587	88824	88977	88817	92578
h1tg000928l	+	97229	103019	5791	97229	99028	99265	99418	99258	103019
h1tg000928l	-	122584	131803	9220	122584	124390	131643	131796	128042	131803
h1tg000928l	-	132033	141918	9886	132033	133839	141758	141911	138157	141918
h1tg000928l	-	142148	151699	9552	142148	143954	151539	151692	147938	151699
h1tg000928l	-	151929	161148	9220	151929	153735	160988	161141	157387	161148
h1tg000928l	+	169758	175555	5798	169758	171564	171801	171954	171794	175555
h1tg000928l	+	180206	185996	5791	180206	182005	182242	182395	182235	185996
h1tg000929l	-	537	10084	9548	537	2343	9924	10077	6322	10084
h1tg000929l	-	10314	19870	9557	10314	12120	19710	19863	16108	19870
h1tg000929l	-	20100	29656	9557	20100	21906	29496	29649	25894	29656
h1tg000929l	-	29886	39111	9226	29886	31692	38951	39104	35350	39111
h1tg000929l	-	39341	49227	9887	39341	41147	49067	49220	45466	49227
h1tg000929l	-	49457	59344	9888	49457	51263	59184	59337	55583	59344
h1tg000929l	-	59574	69461	9888	59574	61380	69301	69454	65699	69461
h1tg000929l	-	69691	76462	6772	69691	71497	76302	76455	72700	76462
h1tg000929l	-	76692	86222	9531	76692	78498	86062	86215	82485	86222
h1tg000929l	-	86452	96337	9886	86452	88258	96177	96330	92576	96337
h1tg000929l	-	96567	106124	9558	96567	98373	105964	106117	102362	106124
h1tg000929l	-	106354	115910	9557	106354	108160	115750	115903	112149	115910
h1tg000929l	-	132679	142567	9889	132679	134485	142407	142560	138806	142567
h1tg000929l	-	155106	164991	9886	155106	156912	164831	164984	161230	164991
h1tg000929l	-	165221	175106	9886	165221	167027	174946	175099	171345	175106
h1tg000929l	-	175336	184891	9556	175336	177142	184731	184884	181130	184891
h1tg000929l	-	197430	207315	9886	197430	199236	207155	207308	203554	207315
h1tg000929l	-	207545	217431	9887	207545	209351	217271	217424	213669	217431
h1tg000929l	-	217661	227546	9886	217661	219467	227386	227539	223785	227546
h1tg000929l	-	244490	254376	9887	244490	246296	254216	254369	250614	254376
h1tg000929l	-	254606	264160	9555	254606	256412	264000	264153	260398	264160
h1tg000929l	-	264390	274276	9887	264390	266196	274116	274269	270514	274276
h1tg000929l	-	274506	284062	9557	274506	276312	283902	284055	280300	284062
h1tg000929l	-	284292	293848	9557	284292	286098	293688	293841	290086	293848
h1tg000929l	-	294078	303634	9557	294078	295884	303474	303627	299872	303634
h1tg000929l	-	303864	313401	9538	303864	305670	313241	313394	309639	313401
h1tg000929l	-	313631	323517	9887	313631	315437	323357	323510	319755	323517
h1tg000929l	-	323747	333303	9557	323747	325553	333143	333296	329541	333303
h1tg000929l	-	333533	343070	9538	333533	335339	342910	343063	339308	343070
h1tg000929l	-	343300	352856	9557	343300	345106	352696	352849	349094	352856
h1tg000929l	-	363521	373407	9887	363521	365327	373247	373400	369645	373407
h1tg000929l	-	373637	383523	9887	373637	375443	383363	383516	379761	383523
h1tg000929l	-	415662	425199	9538	415662	417468	425039	425192	421437	425199
h1tg000929l	-	425429	434985	9557	425429	427235	434825	434978	431223	434985
h1tg000929l	-	435215	445101	9887	435215	437021	444941	445094	441340	445101
h1tg000930l	+	392	6189	5798	392	2198	2435	2588	2428	6189
h1tg000930l	+	10264	16061	5798	10264	12070	12307	12460	12300	16061
h1tg000930l	+	20136	25933	5798	20136	21942	22179	22332	22172	25933
h1tg000930l	+	30008	35805	5798	30008	31814	32051	32204	32044	35805
h1tg000930l	+	39880	45677	5798	39880	41686	41923	42076	41916	45677
h1tg000930l	+	49963	55760	5798	49963	51769	52006	52159	51999	55760
h1tg000930l	+	64176	69973	5798	64176	65982	66219	66372	66212	69973
h1tg000931l	+	5179	10976	5798	5179	6985	7222	7375	7215	10976
h1tg000931l	+	15051	20848	5798	15051	16857	17094	17247	17087	20848
h1tg000931l	+	24923	30720	5798	24923	26729	26966	27119	26959	30720
h1tg000931l	+	34795	40592	5798	34795	36601	36838	36991	36831	40592
h1tg000931l	+	44667	50464	5798	44667	46473	46710	46863	46703	50464
h1tg000931l	+	54539	60336	5798	54539	56345	56582	56735	56575	60336
h1tg000932l	+	1368	7165	5798	1368	3174	3411	3564	3404	7165
h1tg000932l	+	11483	17280	5798	11483	13289	13526	13679	13519	17280
h1tg000932l	+	28195	33992	5798	28195	30001	30238	30391	30231	33992
h1tg000932l	+	38977	44774	5798	38977	40783	41020	41173	41013	44774
h1tg000932l	+	52682	58479	5798	52682	54488	54725	54878	54718	58479
h1tg000932l	+	62797	68594	5798	62797	64603	64840	64993	64833	68594
h1tg000932l	+	72912	78709	5798	72912	74718	74955	75108	74948	78709
h1tg000932l	+	83027	88824	5798	83027	84833	85070	85223	85063	88824
h1tg000932l	+	94397	100194	5798	94397	96203	96440	96593	96433	100194
h1tg000932l	+	105844	111641	5798	105844	107650	107887	108040	107880	111641
h1tg000932l	+	115959	121756	5798	115959	117765	118002	118155	117995	121756
h1tg000932l	+	127329	133126	5798	127329	129135	129372	129525	129365	133126
h1tg000932l	+	137446	143243	5798	137446	139252	139489	139642	139482	143243
h1tg000932l	+	148228	154025	5798	148228	150034	150271	150424	150264	154025
h1tg000932l	+	158345	164142	5798	158345	160151	160388	160541	160381	164142
h1tg000932l	+	168460	174257	5798	168460	170266	170503	170656	170496	174257
h1tg000932l	+	179242	185039	5798	179242	181048	181285	181438	181278	185039
h1tg000932l	+	189357	195154	5798	189357	191163	191400	191553	191393	195154
h1tg000932l	+	199472	205269	5798	199472	201278	201515	201668	201508	205269
h1tg000932l	+	209587	215384	5798	209587	211393	211630	211783	211623	215384
h1tg000932l	+	220369	226166	5798	220369	222175	222412	222565	222405	226166
h1tg000932l	+	234074	239871	5798	234074	235880	236117	236270	236110	239871
h1tg000932l	+	244189	249986	5798	244189	245995	246232	246385	246225	249986
h1tg000932l	+	254304	260101	5798	254304	256110	256347	256500	256340	260101
h1tg000932l	+	264419	270216	5798	264419	266225	266462	266615	266455	270216
h1tg000932l	+	275789	281586	5798	275789	277595	277832	277985	277825	281586
h1tg000932l	+	285906	291703	5798	285906	287712	287949	288102	287942	291703
h1tg000932l	+	296022	301819	5798	296022	297828	298065	298218	298058	301819
h1tg000932l	+	306137	311934	5798	306137	307943	308180	308333	308173	311934
h1tg000932l	+	319217	325014	5798	319217	321023	321260	321413	321253	325014
h1tg000932l	+	330587	336384	5798	330587	332393	332630	332783	332623	336384
h1tg000932l	+	340704	346501	5798	340704	342510	342747	342900	342740	346501
h1tg000932l	+	351155	356952	5798	351155	352961	353198	353351	353191	356952
h1tg000932l	+	368534	374331	5798	368534	370340	370577	370730	370570	374331
h1tg000932l	+	378320	384117	5798	378320	380126	380363	380516	380356	384117
h1tg000932l	+	401298	407095	5798	401298	403104	403341	403494	403334	407095
h1tg000932l	+	412079	417876	5798	412079	413885	414122	414275	414115	417876
h1tg000932l	+	422196	427993	5798	422196	424002	424239	424392	424232	427993
h1tg000932l	+	432311	438108	5798	432311	434117	434354	434507	434347	438108
h1tg000932l	+	442427	448224	5798	442427	444233	444470	444623	444463	448224
h1tg000933l	+	5728	11525	5798	5728	7534	7771	7924	7764	11525
h1tg000933l	+	15844	21642	5799	15844	17650	17887	18040	17880	21642
h1tg000933l	+	28161	33959	5799	28161	29967	30204	30357	30197	33959
h1tg000933l	+	37948	43746	5799	37948	39754	39991	40144	39984	43746
h1tg000933l	+	48732	54530	5799	48732	50538	50775	50928	50768	54530
h1tg000933l	+	58185	63983	5799	58185	59991	60228	60381	60221	63983
h1tg000933l	+	67638	73436	5799	67638	69444	69681	69834	69674	73436
h1tg000933l	+	77091	82889	5799	77091	78897	79134	79287	79127	82889
h1tg000933l	+	86877	92674	5798	86877	88683	88920	89073	88913	92674
h1tg001196l	-	7790	17432	9643	7790	9596	17272	17425	13671	17432
h1tg001196l	-	29266	38908	9643	29266	31072	38748	38901	35147	38908
h1tg001196l	-	53831	63473	9643	53831	55637	63313	63466	59712	63473
h1tg001196l	-	63703	73345	9643	63703	65509	73185	73338	69584	73345
h1tg001196l	-	73575	82795	9221	73575	75381	82635	82788	79034	82795
h1tg001196l	-	83025	92667	9643	83025	84831	92507	92660	88906	92667
h1tg001196l	-	92897	102539	9643	92897	94703	102379	102532	98778	102539
h1tg001196l	-	102769	112411	9643	102769	104575	112251	112404	108650	112411
h1tg001196l	-	112641	122494	9854	112641	114447	122334	122487	118733	122494
h1tg001196l	-	122724	132366	9643	122724	124530	132206	132359	128605	132366
h1tg001196l	-	132596	142238	9643	132596	134402	142078	142231	138477	142238
h1tg001197l	-	4429	14314	9886	4429	6235	14154	14307	10553	14314
h1tg001197l	-	14544	24429	9886	14544	16350	24269	24422	20668	24429
h1tg001197l	-	24659	34544	9886	24659	26465	34384	34537	30783	34544
h1tg001197l	-	55670	65557	9888	55670	57476	65397	65550	61794	65557
h1tg001197l	-	89497	99382	9886	89497	91303	99222	99375	95621	99382
h1tg001197l	-	99612	109497	9886	99612	101418	109337	109490	105736	109497
h1tg001197l	-	109727	119612	9886	109727	111533	119452	119605	115851	119612
h1tg001197l	-	119842	129727	9886	119842	121648	129567	129720	125966	129727
h1tg001197l	-	129957	139842	9886	129957	131763	139682	139835	136081	139842
h1tg001197l	-	140072	149957	9886	140072	141878	149797	149950	146196	149957
h1tg001197l	-	171083	180918	9836	171083	172889	180758	180911	177157	180918
h1tg001198l	-	12156	22009	9854	12156	13962	21849	22002	18248	22009
h1tg001198l	+	33795	39592	5798	33795	35601	35838	35991	35831	39592
h1tg001198l	+	43878	49675	5798	43878	45684	45921	46074	45914	49675
h1tg001198l	+	53750	59547	5798	53750	55556	55793	55946	55786	59547
h1tg001198l	+	63833	69559	5727	63833	65639	65876	66029	65869	69559
h1tg001199l	-	79952	89144	9193	79952	81758	88984	89137	85383	89144
h1tg001200l	-	10863	20505	9643	10863	12669	20345	20498	16744	20505
h1tg001200l	-	20735	30377	9643	20735	22541	30217	30370	26616	30377
h1tg001200l	-	30607	40272	9666	30607	32412	40112	40265	36511	40272
h1tg001200l	-	40502	50144	9643	40502	42308	49984	50137	46383	50144
h1tg001200l	-	50374	60016	9643	50374	52180	59856	60009	56255	60016
h1tg001200l	-	60246	69911	9666	60246	62051	69751	69904	66150	69911
h1tg001200l	-	70141	79783	9643	70141	71947	79623	79776	76022	79783
h1tg001200l	-	80013	89655	9643	80013	81819	89495	89648	85894	89655
h1tg001200l	-	89885	99550	9666	89885	91690	99390	99543	95789	99550
h1tg001200l	-	99780	109422	9643	99780	101586	109262	109415	105661	109422
h1tg001200l	-	109652	119294	9643	109652	111458	119134	119287	115533	119294
h1tg001200l	-	130029	139664	9636	130029	131828	139504	139657	135903	139664
h1tg001200l	-	139894	148692	8799	139894	141700	148532	148685	144931	148692
h1tg001200l	-	159427	169069	9643	159427	161233	168909	169062	165308	169069
h1tg001201l	+	567	6364	5798	567	2373	2610	2763	2603	6364
h1tg001201l	+	10682	16479	5798	10682	12488	12725	12878	12718	16479
h1tg001201l	+	27095	32892	5798	27095	28901	29138	29291	29131	32892
h1tg001201l	+	37210	43007	5798	37210	39016	39253	39406	39246	43007
h1tg001202l	+	12173	17970	5798	12173	13979	14216	14369	14209	17970
h1tg001202l	+	27079	32876	5798	27079	28885	29122	29275	29115	32876
h1tg001202l	+	36951	42748	5798	36951	38757	38994	39147	38987	42748
h1tg001203l	-	3869	13511	9643	3869	5675	13351	13504	9750	13511
h1tg001203l	-	13741	23383	9643	13741	15547	23223	23376	19622	23383
h1tg001203l	-	23613	33255	9643	23613	25419	33095	33248	29494	33255
h1tg001203l	-	33485	43127	9643	33485	35291	42967	43120	39366	43127
h1tg001203l	-	43357	52999	9643	43357	45163	52839	52992	49238	52999
h1tg001203l	-	66821	76463	9643	66821	68627	76303	76456	72702	76463
h1tg001203l	-	90906	100759	9854	90906	92712	100599	100752	96998	100759
h1tg001203l	-	100989	110631	9643	100989	102795	110471	110624	106870	110631
h1tg001204l	+	451	6248	5798	451	2257	2494	2647	2487	6248
h1tg001204l	+	10323	16120	5798	10323	12129	12366	12519	12359	16120
h1tg001204l	+	20195	23423	3229	20195	22001	22238	22391	22231	23423
h1tg001204l	+	29540	35337	5798	29540	31346	31583	31736	31576	35337
h1tg001204l	+	39412	45209	5798	39412	41218	41455	41608	41448	45209
h1tg001204l	+	49284	55081	5798	49284	51090	51327	51480	51320	55081
h1tg001204l	+	59156	64953	5798	59156	60962	61199	61352	61192	64953
h1tg001204l	+	69028	74825	5798	69028	70834	71071	71224	71064	74825
h1tg001204l	+	78900	84697	5798	78900	80706	80943	81096	80936	84697
h1tg001204l	+	88772	94569	5798	88772	90578	90815	90968	90808	94569
h1tg001204l	+	98644	104441	5798	98644	100450	100687	100840	100680	104441
h1tg001204l	+	108516	114313	5798	108516	110322	110559	110712	110552	114313
h1tg001204l	+	118388	124185	5798	118388	120194	120431	120584	120424	124185
h1tg001204l	+	128260	134057	5798	128260	130066	130303	130456	130296	134057
h1tg001204l	+	137710	143507	5798	137710	139516	139753	139906	139746	143507
h1tg001204l	+	149314	155111	5798	149314	151120	151357	151510	151350	155111
h1tg001204l	+	159186	164983	5798	159186	160992	161229	161382	161222	164983
h1tg001205l	+	1152	6949	5798	1152	2958	3195	3348	3188	6949
h1tg001205l	+	11267	17064	5798	11267	13073	13310	13463	13303	17064
h1tg001205l	+	28013	33810	5798	28013	29819	30056	30209	30049	33810
h1tg001205l	+	38128	43925	5798	38128	39934	40171	40324	40164	43925
h1tg001205l	+	48243	54040	5798	48243	50049	50286	50439	50279	54040
h1tg001205l	+	64989	70786	5798	64989	66795	67032	67185	67025	70786
h1tg001206l	+	534	6331	5798	534	2340	2577	2730	2570	6331
h1tg001206l	+	15363	21160	5798	15363	17169	17406	17559	17399	21160
h1tg001206l	+	28698	34495	5798	28698	30504	30741	30894	30734	34495
h1tg001206l	+	38570	44367	5798	38570	40376	40613	40766	40606	44367
h1tg001207l	-	4482	14124	9643	4482	6288	13964	14117	10363	14124
h1tg001207l	-	14354	23996	9643	14354	16160	23836	23989	20235	23996
h1tg001207l	-	34731	44292	9562	34731	36506	44132	44285	40531	44292
h1tg001207l	-	44522	53953	9432	44522	46328	53793	53946	50192	53953
h1tg001207l	-	64688	74330	9643	64688	66494	74170	74323	70569	74330
h1tg001208l	-	7632	17188	9557	7632	9438	17028	17181	13426	17188
h1tg001208l	-	17418	26974	9557	17418	19224	26814	26967	23212	26974
h1tg001208l	-	27204	36760	9557	27204	29010	36600	36753	32998	36760
h1tg001208l	-	49307	59193	9887	49307	51113	59033	59186	55432	59193
h1tg001208l	-	59423	67970	8548	59423	61229	67810	67963	64209	67970
h1tg001208l	-	68200	76748	8549	68200	70006	76588	76741	72986	76748
h1tg001208l	-	76978	86534	9557	76978	78784	86374	86527	82772	86534
h1tg001208l	-	86764	96320	9557	86764	88570	96160	96313	92558	96320
h1tg001208l	-	108866	117414	8549	108866	110672	117254	117407	113652	117414
h1tg001208l	-	117644	127200	9557	117644	119450	127040	127193	123438	127200
h1tg001208l	-	127430	136986	9557	127430	129236	136826	136979	133224	136986
h1tg001208l	-	137216	147102	9887	137216	139022	146942	147095	143341	147102
h1tg001208l	-	147332	156888	9557	147332	149138	156728	156881	153126	156888
h1tg001209l	+	1	4513	4513	1	522	759	912	752	4513
h1tg001209l	+	8831	14628	5798	8831	10637	10874	11027	10867	14628
h1tg001209l	+	18946	24743	5798	18946	20752	20989	21142	20982	24743
h1tg001209l	+	29061	34858	5798	29061	30867	31104	31257	31097	34858
h1tg001209l	+	45807	51604	5798	45807	47613	47850	48003	47843	51604
h1tg001209l	+	55588	61385	5798	55588	57394	57631	57784	57624	61385
h1tg001209l	+	65703	71500	5798	65703	67509	67746	67899	67739	71500
h1tg001209l	+	75818	81615	5798	75818	77624	77861	78014	77854	81615
h1tg001209l	+	85935	91732	5798	85935	87741	87978	88131	87971	91732
h1tg001209l	+	96050	101847	5798	96050	97856	98093	98246	98086	101847
h1tg001209l	+	106165	111962	5798	106165	107971	108208	108361	108201	111962
h1tg001209l	+	122911	128708	5798	122911	124717	124954	125107	124947	128708
h1tg001209l	+	133026	138823	5798	133026	134832	135069	135222	135062	138823
h1tg001209l	+	143141	148938	5798	143141	144947	145184	145337	145177	148938
h1tg001209l	+	159887	165684	5798	159887	161693	161930	162083	161923	165684
h1tg001209l	+	170002	175799	5798	170002	171808	172045	172198	172038	175799
h1tg001209l	+	180117	185914	5798	180117	181923	182160	182313	182153	185914
h1tg001209l	+	190565	196362	5798	190565	192371	192608	192761	192601	196362
h1tg001209l	+	201013	206810	5798	201013	202819	203056	203209	203049	206810
h1tg001209l	+	211461	217258	5798	211461	213267	213504	213657	213497	217258
h1tg001209l	+	221576	227373	5798	221576	223382	223619	223772	223612	227373
h1tg001209l	+	231691	237488	5798	231691	233497	233734	233887	233727	237488
h1tg001209l	+	242139	247936	5798	242139	243945	244182	244335	244175	247936
h1tg001209l	+	252254	258051	5798	252254	254060	254297	254450	254290	258051
h1tg001210l	+	7827	13624	5798	7827	9633	9870	10023	9863	13624
h1tg001210l	+	17942	23739	5798	17942	19748	19985	20138	19978	23739
h1tg001210l	+	28057	33854	5798	28057	29863	30100	30253	30093	33854
h1tg001210l	+	38172	43969	5798	38172	39978	40215	40368	40208	43969
h1tg001210l	+	48287	54084	5798	48287	50093	50330	50483	50323	54084
h1tg001211l	+	1366	7163	5798	1366	3172	3409	3562	3402	7163
h1tg001211l	+	11449	17246	5798	11449	13255	13492	13645	13485	17246
h1tg001211l	+	26144	31941	5798	26144	27950	28187	28340	28180	31941
h1tg001211l	+	36016	41813	5798	36016	37822	38059	38212	38052	41813
h1tg001211l	+	45888	49800	3913	45888	47694	47931	48084	47924	49800
h1tg001212l	+	7764	13560	5797	7764	9570	9807	9960	9800	13560
h1tg001212l	+	17635	23431	5797	17635	19441	19678	19831	19671	23431
h1tg001212l	+	27928	33724	5797	27928	29734	29971	30124	29964	33724
h1tg001212l	+	38643	44440	5798	38643	40449	40686	40839	40679	44440
h1tg001212l	+	48516	54313	5798	48516	50322	50559	50712	50552	54313
h1tg001212l	+	58810	64607	5798	58810	60616	60853	61006	60846	64607
h1tg001212l	+	69737	75534	5798	69737	71543	71780	71933	71773	75534
h1tg001212l	+	80031	85828	5798	80031	81837	82074	82227	82067	85828
h1tg001212l	+	90325	96122	5798	90325	92131	92368	92521	92361	96122
h1tg001213l	-	6925	16567	9643	6925	8731	16407	16560	12806	16567
h1tg001213l	-	16797	26463	9667	16797	18603	26303	26456	22702	26463
h1tg001213l	-	26693	36335	9643	26693	28499	36175	36328	32574	36335
h1tg001213l	-	36565	46207	9643	36565	38371	46047	46200	42446	46207
h1tg001213l	-	67447	77089	9643	67447	69253	76929	77082	73328	77089
h1tg001213l	-	77319	86750	9432	77319	79125	86590	86743	82989	86750
h1tg001213l	-	86980	96411	9432	86980	88786	96251	96404	92650	96411
h1tg001213l	-	107145	116787	9643	107145	108951	116627	116780	113026	116787
h1tg001213l	-	117017	126656	9640	117017	118822	126496	126649	122895	126656
h1tg001213l	-	126886	136739	9854	126886	128692	136579	136732	132978	136739
h1tg001213l	-	136969	146822	9854	136969	138775	146662	146815	143061	146822
h1tg001213l	-	147052	156694	9643	147052	148858	156534	156687	152933	156694
h1tg001213l	-	156924	166777	9854	156924	158730	166617	166770	163016	166777
h1tg001213l	-	194201	204086	9886	194201	196007	203926	204079	200325	204086
h1tg001213l	-	204316	214201	9886	204316	206122	214041	214194	210440	214201
h1tg001214l	+	3	4464	4462	3	474	712	865	705	4464
h1tg001214l	+	8539	14336	5798	8539	10345	10582	10735	10575	14336
h1tg001214l	+	18411	24208	5798	18411	20217	20454	20607	20447	24208
h1tg001214l	+	33106	38903	5798	33106	34912	35149	35302	35142	38903
h1tg001214l	+	42978	48775	5798	42978	44784	45021	45174	45014	48775
h1tg001214l	+	57671	63468	5798	57671	59477	59714	59867	59707	63468
h1tg001214l	+	67332	73129	5798	67332	69138	69375	69528	69368	73129
h1tg001214l	+	77415	83212	5798	77415	79221	79458	79611	79451	83212
h1tg001214l	+	92110	97907	5798	92110	93916	94153	94306	94146	97907
h1tg001215l	+	8846	14643	5798	8846	10652	10889	11042	10882	14643
h1tg001215l	+	18961	24758	5798	18961	20767	21004	21157	20997	24758
h1tg001215l	+	29076	34875	5800	29076	30882	31119	31272	31112	34875
h1tg001215l	+	39193	44990	5798	39193	40999	41236	41389	41229	44990
h1tg001215l	+	49641	55438	5798	49641	51447	51684	51837	51677	55438
h1tg001215l	+	60089	65886	5798	60089	61895	62132	62285	62125	65886
h1tg001215l	+	70207	76001	5795	70207	72013	72250	72403	72243	76001
h1tg001216l	+	15	5572	5558	15	1581	1818	1971	1811	5572
h1tg001216l	+	9858	15655	5798	9858	11664	11901	12054	11894	15655
h1tg001216l	+	19941	25738	5798	19941	21747	21984	22137	21977	25738
h1tg001216l	+	40870	46667	5798	40870	42676	42913	43066	42906	46667
h1tg001216l	+	50953	56750	5798	50953	52759	52996	53149	52989	56750
h1tg001216l	+	70616	76413	5798	70616	72422	72659	72812	72652	76413
h1tg001216l	+	80699	86496	5798	80699	82505	82742	82895	82735	86496
h1tg001216l	+	91204	97001	5798	91204	93010	93247	93400	93240	97001
h1tg001216l	+	101287	107084	5798	101287	103093	103330	103483	103323	107084
h1tg001216l	+	111370	117167	5798	111370	113176	113413	113566	113406	117167
h1tg001216l	+	121875	127672	5798	121875	123681	123918	124071	123911	127672
h1tg001216l	+	131958	137755	5798	131958	133764	134001	134154	133994	137755
h1tg001216l	+	141931	147728	5798	141931	143737	143974	144127	143967	147728
h1tg001216l	+	152014	157811	5798	152014	153820	154057	154210	154050	157811
h1tg001216l	+	161675	167472	5798	161675	163481	163718	163871	163711	167472
h1tg001216l	+	171758	177555	5798	171758	173564	173801	173954	173794	177555
h1tg001216l	+	181841	187638	5798	181841	183647	183884	184037	183877	187638
h1tg001216l	+	191924	197721	5798	191924	193730	193967	194120	193960	197721
h1tg001216l	+	202007	207804	5798	202007	203813	204050	204203	204043	207804
h1tg001216l	+	212090	217886	5797	212090	213896	214133	214286	214126	217886
h1tg001216l	+	222172	227969	5798	222172	223978	224215	224368	224208	227969
h1tg001216l	+	232044	237841	5798	232044	233850	234087	234240	234080	237841
h1tg001216l	+	242127	247924	5798	242127	243933	244170	244323	244163	247924
h1tg001216l	+	252210	258007	5798	252210	254016	254253	254406	254246	258007
h1tg001216l	+	262293	268090	5798	262293	264099	264336	264489	264329	268090
h1tg001216l	+	276723	282520	5798	276723	278529	278766	278919	278759	282520
h1tg001216l	+	291153	296950	5798	291153	292959	293196	293349	293189	296950
h1tg001217l	+	6275	12072	5798	6275	8081	8318	8471	8311	12072
h1tg001217l	+	16147	21944	5798	16147	17953	18190	18343	18183	21944
h1tg001217l	+	26019	31816	5798	26019	27825	28062	28215	28055	31816
h1tg001217l	+	35891	41688	5798	35891	37697	37934	38087	37927	41688
h1tg001217l	+	45787	51584	5798	45787	47593	47830	47983	47823	51584
h1tg001217l	+	55659	61245	5587	55659	57465	57702	57855	57695	61245
h1tg001218l	+	6986	12783	5798	6986	8792	9029	9182	9022	12783
h1tg001218l	+	16436	22233	5798	16436	18242	18479	18632	18472	22233
h1tg001218l	+	26308	32105	5798	26308	28114	28351	28504	28344	32105
h1tg001218l	+	36180	41977	5798	36180	37986	38223	38376	38216	41977
h1tg001219l	+	3478	9275	5798	3478	5284	5521	5674	5514	9275
h1tg001219l	+	13350	19147	5798	13350	15156	15393	15546	15386	19147
h1tg001219l	+	23222	29019	5798	23222	25028	25265	25418	25258	29019
h1tg001219l	+	32672	38469	5798	32672	34478	34715	34868	34708	38469
h1tg001219l	+	42544	48341	5798	42544	44350	44587	44740	44580	48341
h1tg001220l	-	8689	18573	9885	8689	10495	18413	18566	14812	18573
h1tg001220l	-	18803	28690	9888	18803	20609	28530	28683	24929	28690
h1tg001221l	+	2861	8657	5797	2861	4667	4904	5057	4897	8657
h1tg001221l	+	13154	18951	5798	13154	14960	15197	15350	15190	18951
h1tg001221l	+	23448	29245	5798	23448	25254	25491	25644	25484	29245
h1tg001221l	+	33742	39539	5798	33742	35548	35785	35938	35778	39539
h1tg001221l	+	44036	49833	5798	44036	45842	46079	46232	46072	49833
h1tg001222l	+	6739	12535	5797	6739	8545	8782	8935	8775	12535
h1tg001222l	+	16610	22407	5798	16610	18416	18653	18806	18646	22407
h1tg001222l	+	26482	32277	5796	26482	28284	28521	28675	28514	32277
h1tg001222l	+	36351	42145	5795	36351	38158	38394	38547	38387	42145
h1tg001223l	+	3451	9248	5798	3451	5257	5494	5647	5487	9248
h1tg001223l	+	12901	18698	5798	12901	14707	14944	15097	14937	18698
h1tg001223l	+	22773	28570	5798	22773	24579	24816	24969	24809	28570
h1tg001223l	+	32645	38442	5798	32645	34451	34688	34841	34681	38442
h1tg001223l	+	42517	48314	5798	42517	44323	44560	44713	44553	48314
h1tg001223l	+	52389	58186	5798	52389	54195	54432	54585	54425	58186
h1tg001223l	+	67218	73015	5798	67218	69024	69261	69414	69254	73015
h1tg001224l	+	6514	12311	5798	6514	8320	8557	8710	8550	12311
h1tg001224l	+	16386	22183	5798	16386	18192	18429	18582	18422	22183
h1tg001224l	+	26258	32055	5798	26258	28064	28301	28454	28294	32055
h1tg001225l	+	7413	13210	5798	7413	9219	9456	9609	9449	13210
h1tg001225l	+	17285	23082	5798	17285	19091	19328	19481	19321	23082
h1tg001225l	+	27157	32954	5798	27157	28963	29200	29353	29193	32954
h1tg001225l	+	37029	42826	5798	37029	38835	39072	39225	39065	42826
h1tg001225l	+	46479	52276	5798	46479	48285	48522	48675	48515	52276
h1tg001225l	+	55929	61726	5798	55929	57735	57972	58125	57965	61726
h1tg001225l	+	65801	71598	5798	65801	67607	67844	67997	67837	71598
h1tg001225l	+	75673	81470	5798	75673	77479	77716	77869	77709	81470
h1tg001226l	-	7179	16821	9643	7179	8985	16661	16814	13060	16821
h1tg001226l	-	17051	26693	9643	17051	18857	26533	26686	22932	26693
h1tg001226l	-	26923	36565	9643	26923	28729	36405	36558	32804	36565
h1tg001226l	-	36795	46437	9643	36795	38601	46277	46430	42676	46437
h1tg001226l	-	46667	55465	8799	46667	48473	55305	55458	51704	55465
h1tg001226l	-	66200	75842	9643	66200	68006	75682	75835	72081	75842
h1tg001226l	-	76072	85714	9643	76072	77878	85554	85707	81953	85714
h1tg001227l	+	5966	11763	5798	5966	7772	8009	8162	8002	11763
h1tg001227l	+	16081	21878	5798	16081	17887	18124	18277	18117	21878
h1tg001227l	+	26196	31993	5798	26196	28002	28239	28392	28232	31993
h1tg001227l	+	36311	41848	5538	36311	38117	38354	38507	38347	41848
h1tg001227l	+	51194	56991	5798	51194	53000	53237	53390	53230	56991
h1tg001227l	+	61309	67106	5798	61309	63115	63352	63505	63345	67106
h1tg001227l	+	71424	77221	5798	71424	73230	73467	73620	73460	77221
h1tg001227l	+	88294	94091	5798	88294	90100	90337	90490	90330	94091
h1tg001227l	+	98409	104206	5798	98409	100215	100452	100605	100445	104206
h1tg001228l	+	2831	8628	5798	2831	4637	4874	5027	4867	8628
h1tg001228l	+	13336	19133	5798	13336	15142	15379	15532	15372	19133
h1tg001228l	+	23843	29638	5796	23843	25647	25884	26037	25877	29638
h1tg001228l	+	33713	39510	5798	33713	35519	35756	35909	35749	39510
h1tg001228l	+	48408	54205	5798	48408	50214	50451	50604	50444	54205
h1tg001228l	+	58304	64100	5797	58304	60109	60346	60499	60339	64100
h1tg001228l	+	68175	73972	5798	68175	69981	70218	70371	70211	73972
h1tg001228l	+	78047	83844	5798	78047	79853	80090	80243	80083	83844
h1tg001229l	+	8469	14266	5798	8469	10275	10512	10665	10505	14266
h1tg001229l	+	22682	28479	5798	22682	24488	24725	24878	24718	28479
h1tg001229l	+	33187	38984	5798	33187	34993	35230	35383	35223	38984
h1tg001229l	+	43059	48856	5798	43059	44865	45102	45255	45095	48856
h1tg001229l	+	52931	58728	5798	52931	54737	54974	55127	54967	58728
h1tg001229l	+	69104	74901	5798	69104	70910	71147	71300	71140	74901
h1tg001229l	+	78976	83049	4074	78976	80782	81019	81172	81012	83049
h1tg001229l	+	87031	91104	4074	87031	88837	89074	89227	89067	91104
h1tg001229l	+	95086	100883	5798	95086	96892	97129	97282	97122	100883
h1tg001229l	+	105591	111388	5798	105591	107397	107634	107787	107627	111388
h1tg001229l	+	116096	121893	5798	116096	117902	118139	118292	118132	121893
h1tg001229l	+	125625	130227	4603	125625	127431	127668	127821	127661	130227
h1tg001230l	+	4398	10195	5798	4398	6204	6441	6594	6434	10195
h1tg001230l	+	14270	20067	5798	14270	16076	16313	16466	16306	20067
h1tg001230l	+	24142	29939	5798	24142	25948	26185	26338	26178	29939
h1tg001230l	+	34014	39412	5399	34014	35820	36057	36210	36050	39412
h1tg001231l	+	1	5751	5751	1	1760	1997	2150	1990	5751
h1tg001231l	+	10069	15866	5798	10069	11875	12112	12265	12105	15866
h1tg001231l	+	20184	25981	5798	20184	21990	22227	22380	22220	25981
h1tg001231l	+	36930	42727	5798	36930	38736	38973	39126	38966	42727
h1tg001232l	+	5338	11135	5798	5338	7144	7381	7534	7374	11135
h1tg001232l	+	15453	21250	5798	15453	17259	17496	17649	17489	21250
h1tg001232l	+	25568	28418	2851	25568	27374	27611	27764	27604	28418
h1tg001233l	+	7124	12921	5798	7124	8930	9167	9320	9160	12921
h1tg001233l	+	17239	23036	5798	17239	19045	19282	19435	19275	23036
h1tg001233l	+	27354	33151	5798	27354	29160	29397	29550	29390	33151
h1tg001233l	+	44100	49897	5798	44100	45906	46143	46296	46136	49897
h1tg001233l	+	54215	60012	5798	54215	56021	56258	56411	56251	60012
h1tg001233l	+	63997	69794	5798	63997	65803	66040	66193	66033	69794
h1tg001233l	+	80743	86540	5798	80743	82549	82786	82939	82779	86540
h1tg001234l	+	2383	8180	5798	2383	4189	4426	4579	4419	8180
h1tg001234l	+	12888	18685	5798	12888	14694	14931	15084	14924	18685
h1tg001234l	+	27082	32879	5798	27082	28888	29125	29278	29118	32879
h1tg001234l	+	51682	57479	5798	51682	53488	53725	53878	53718	57479
h1tg001234l	+	66496	72293	5798	66496	68302	68539	68692	68532	72293
h1tg001234l	+	76368	82165	5798	76368	78174	78411	78564	78404	82165
h1tg001234l	+	86240	92037	5798	86240	88046	88283	88436	88276	92037
h1tg001234l	+	96112	101909	5798	96112	97918	98155	98308	98148	101909
h1tg001234l	+	105984	111778	5795	105984	107790	108027	108180	108020	111778
h1tg001234l	+	116486	122283	5798	116486	118292	118529	118682	118522	122283
h1tg001234l	+	126358	132155	5798	126358	128164	128401	128554	128394	132155
h1tg001234l	+	136230	142027	5798	136230	138036	138273	138426	138266	142027
h1tg001234l	+	146126	151923	5798	146126	147932	148169	148322	148162	151923
h1tg001234l	+	155998	161796	5799	155998	157804	158041	158194	158034	161796
h1tg001234l	+	165864	171661	5798	165864	167670	167907	168060	167900	171661
h1tg001234l	+	175525	181322	5798	175525	177331	177568	177721	177561	181322
h1tg001234l	+	185186	190983	5798	185186	186992	187229	187382	187222	190983
h1tg001235l	-	21938	31580	9643	21938	23744	31420	31573	27819	31580
h1tg001235l	-	31810	41452	9643	31810	33616	41292	41445	37691	41452
h1tg001236l	+	1259	7056	5798	1259	3065	3302	3455	3295	7056
h1tg001236l	+	11764	17561	5798	11764	13570	13807	13960	13800	17561
h1tg001236l	+	22269	28066	5798	22269	24075	24312	24465	24305	28066
h1tg001236l	+	31930	37727	5798	31930	33736	33973	34126	33966	37727
h1tg001236l	+	41752	47518	5767	41752	43527	43764	43917	43757	47518
h1tg001236l	+	52226	58023	5798	52226	54032	54269	54422	54262	58023
h1tg001236l	+	62098	67895	5798	62098	63904	64141	64294	64134	67895
h1tg001236l	+	71970	77767	5798	71970	73776	74013	74166	74006	77767
h1tg001236l	+	81792	87558	5767	81792	83567	83804	83957	83797	87558
h1tg001236l	+	92266	98063	5798	92266	94072	94309	94462	94302	98063
h1tg001236l	+	102138	107935	5798	102138	103944	104181	104334	104174	107935
h1tg001236l	+	112034	117831	5798	112034	113840	114077	114230	114070	117831
h1tg001236l	+	126247	132044	5798	126247	128053	128290	128443	128283	132044
h1tg001236l	+	136119	141916	5798	136119	137925	138162	138315	138155	141916
h1tg001236l	+	146624	152421	5798	146624	148430	148667	148820	148660	152421
h1tg001237l	+	4987	10784	5798	4987	6793	7030	7183	7023	10784
h1tg001237l	+	15102	20899	5798	15102	16908	17145	17298	17138	20899
h1tg001237l	+	31848	37645	5798	31848	33654	33891	34044	33884	37645
h1tg001237l	+	42296	48093	5798	42296	44102	44339	44492	44332	48093
h1tg001237l	+	52744	58541	5798	52744	54550	54787	54940	54780	58541
h1tg001237l	+	62859	68656	5798	62859	64665	64902	65055	64895	68656
h1tg001238l	+	1	5789	5789	1	1798	2035	2188	2028	5789
h1tg001238l	+	10108	15906	5799	10108	11914	12151	12304	12144	15906
h1tg001238l	+	19561	25359	5799	19561	21367	21604	21757	21597	25359
h1tg001238l	+	29347	35144	5798	29347	31153	31390	31543	31383	35144
h1tg001239l	+	4482	10279	5798	4482	6288	6525	6678	6518	10279
h1tg001239l	+	14597	20394	5798	14597	16403	16640	16793	16633	20394
h1tg001239l	+	24712	30509	5798	24712	26518	26755	26908	26748	30509
h1tg001240l	+	8453	14250	5798	8453	10259	10496	10649	10489	14250
h1tg001240l	+	18747	24544	5798	18747	20553	20790	20943	20783	24544
h1tg001240l	+	29041	34838	5798	29041	30847	31084	31237	31077	34838
h1tg001240l	+	38702	44499	5798	38702	40508	40745	40898	40738	44499
h1tg001240l	+	48996	54793	5798	48996	50802	51039	51192	51032	54793
h1tg001240l	+	58868	64665	5798	58868	60674	60911	61064	60904	64665
h1tg001240l	+	68529	73785	5257	68529	70335	70572	70725	70565	73785
h1tg001240l	+	77580	83377	5798	77580	79386	79623	79776	79616	83377
h1tg001240l	+	87874	93671	5798	87874	89680	89917	90070	89910	93671
h1tg001240l	+	96902	102699	5798	96902	98708	98945	99098	98938	102699
h1tg001240l	+	106774	112569	5796	106774	108580	108817	108970	108810	112569
h1tg001241l	+	4337	10134	5798	4337	6143	6380	6533	6373	10134
h1tg001241l	+	14209	20006	5798	14209	16015	16252	16405	16245	20006
h1tg001242l	+	3788	9585	5798	3788	5595	5832	5985	5825	9585
h1tg001242l	+	17536	23333	5798	17536	19343	19580	19733	19573	23333
h1tg001242l	+	28126	33922	5797	28126	29932	30169	30322	30162	33922
h1tg001242l	+	38372	44158	5787	38372	40178	40415	40568	40408	44158
h1tg001242l	+	47566	53352	5787	47566	49372	49609	49762	49602	53352
h1tg001242l	+	56759	62555	5797	56759	58565	58802	58955	58795	62555
h1tg001243l	-	5464	15106	9643	5464	7270	14946	15099	11345	15106
h1tg001243l	-	15336	24978	9643	15336	17142	24818	24971	21217	24978
h1tg001243l	-	25208	34850	9643	25208	27014	34690	34843	31089	34850
h1tg001243l	-	35080	44722	9643	35080	36886	44562	44715	40961	44722
h1tg001243l	-	44952	54594	9643	44952	46758	54434	54587	50833	54594
h1tg001243l	-	54824	64466	9643	54824	56630	64306	64459	60705	64466
h1tg001244l	-	8130	17771	9642	8130	9936	17611	17764	14010	17771
h1tg001244l	-	18001	27640	9640	18001	19807	27480	27633	23880	27640
h1tg001244l	-	27870	37512	9643	27870	29676	37352	37505	33751	37512
h1tg001244l	-	37742	47384	9643	37742	39548	47224	47377	43623	47384
h1tg001245l	+	1008	6805	5798	1008	2814	3051	3204	3044	6805
h1tg001245l	+	11091	16888	5798	11091	12897	13134	13287	13127	16888
h1tg001245l	+	20963	26760	5798	20963	22769	23006	23159	22999	26760
h1tg001245l	+	30835	36632	5798	30835	32641	32878	33031	32871	36632
h1tg001245l	+	40707	43937	3231	40707	42513	42750	42901	42743	43937
h1tg001246l	+	6759	12556	5798	6759	8565	8802	8955	8795	12556
h1tg001246l	+	16631	22428	5798	16631	18437	18674	18827	18667	22428
h1tg001246l	+	26503	32300	5798	26503	28309	28546	28699	28539	32300
h1tg001246l	+	36375	42172	5798	36375	38181	38418	38571	38411	42172
h1tg001247l	+	2844	8641	5798	2844	4650	4887	5040	4880	8641
h1tg001247l	+	12716	18513	5798	12716	14522	14759	14912	14752	18513
h1tg001247l	+	22588	28385	5798	22588	24394	24631	24784	24624	28385
h1tg001248l	+	5	4952	4948	5	961	1198	1351	1191	4952
h1tg001248l	+	9270	15067	5798	9270	11076	11313	11466	11306	15067
h1tg001248l	+	19385	25182	5798	19385	21191	21428	21581	21421	25182
h1tg001248l	+	29500	35297	5798	29500	31306	31543	31696	31536	35297
h1tg001248l	+	39948	45745	5798	39948	41754	41991	42144	41984	45745
h1tg001249c	+	3130	8927	5798	3130	4936	5173	5326	5166	8927
h1tg001249c	+	13213	19010	5798	13213	15019	15256	15409	15249	19010
h1tg001249c	+	23085	28882	5798	23085	24891	25128	25281	25121	28882
h1tg001249c	+	33168	38965	5798	33168	34974	35211	35364	35204	38965
h1tg001249c	+	43251	49048	5798	43251	45057	45294	45447	45287	49048
h1tg001249c	+	53334	59131	5798	53334	55140	55377	55530	55370	59131
h1tg001249c	+	63206	69003	5798	63206	65012	65249	65402	65242	69003
h1tg001250l	+	949	6746	5798	949	2755	2992	3145	2985	6746
h1tg001250l	+	10821	16618	5798	10821	12627	12864	13017	12857	16618
h1tg001250l	+	20904	26701	5798	20904	22710	22947	23100	22940	26701
h1tg001250l	+	30776	36573	5798	30776	32582	32819	32972	32812	36573
h1tg001251l	+	5718	11515	5798	5718	7524	7761	7914	7754	11515
h1tg001251l	+	15590	21387	5798	15590	17396	17633	17786	17626	21387
h1tg001251l	+	26095	31892	5798	26095	27901	28138	28291	28131	31892
h1tg001252l	+	29	5826	5798	29	1835	2072	2225	2065	5826
h1tg001252l	+	14858	20655	5798	14858	16664	16901	17054	16894	20655
h1tg001252l	+	28193	33990	5798	28193	29999	30236	30389	30229	33990
h1tg001252l	+	38065	42993	4929	38065	39871	40108	40261	40101	42993
h1tg001253l	+	6239	12036	5798	6239	8045	8282	8435	8275	12036
h1tg001253l	+	16111	21908	5798	16111	17917	18154	18307	18147	21908
h1tg001253l	+	25983	31262	5280	25983	27789	28026	28179	28019	31262
h1tg001254l	+	7008	12805	5798	7008	8814	9051	9204	9044	12805
h1tg001254l	+	21703	27500	5798	21703	23509	23746	23899	23739	27500
h1tg001254l	+	31575	37372	5798	31575	33381	33618	33771	33611	37372
h1tg001255l	+	2	2864	2863	2	1442	1679	1832	1672	2864
h1tg001255l	+	8981	14778	5798	8981	10787	11024	11177	11017	14778
h1tg001255l	+	28683	34480	5798	28683	30489	30726	30879	30719	34480
h1tg001255l	+	39188	44994	5807	39188	40994	41231	41384	41224	44994
h1tg001255l	+	49055	53128	4074	49055	50861	51098	51251	51091	53128
h1tg001255l	+	57110	61183	4074	57110	58916	59153	59306	59146	61183
h1tg001255l	+	65165	70962	5798	65165	66971	67208	67361	67201	70962
h1tg001255l	+	75670	81467	5798	75670	77476	77713	77866	77706	81467
h1tg001255l	+	85539	91312	5774	85539	87337	87575	87730	87569	91312
h1tg001255l	+	95374	101172	5799	95374	97180	97417	97569	97410	101172
h1tg001256l	+	1042	6579	5538	1042	2848	3085	3238	3078	6579
h1tg001256l	+	15925	21722	5798	15925	17731	17968	18121	17961	21722
h1tg001257l	+	8151	13948	5798	8151	9957	10194	10347	10187	13948
h1tg001257l	+	18235	23812	5578	18235	18726	20059	20212	20052	23812
h1tg001257l	+	27677	33475	5799	27677	29484	29721	29874	29714	33475
h1tg001257l	+	37953	43750	5798	37953	39759	39996	40149	39989	43750
h1tg001257l	+	48037	52508	4472	48037	48528	49861	50014	49854	52508
h1tg001258l	-	5117	14759	9643	5117	6923	14599	14752	10998	14759
h1tg001258l	-	14989	24631	9643	14989	16795	24471	24624	20870	24631
h1tg001258l	-	24861	34503	9643	24861	26667	34343	34496	30742	34503
h1tg001584l	-	8101	17986	9886	8101	9907	17826	17979	14225	17986
h1tg001584l	-	18216	28101	9886	18216	20022	27941	28094	24340	28101
h1tg001584l	-	28331	38216	9886	28331	30137	38056	38209	34455	38216
h1tg001585l	-	11551	21436	9886	11551	13357	21276	21429	17675	21436
h1tg001874l	+	2305	8102	5798	2305	4111	4348	4501	4341	8102
h1tg001874l	+	12177	17974	5798	12177	13983	14220	14373	14213	17974
h1tg001874l	+	22260	28057	5798	22260	24066	24303	24456	24296	28057
h1tg001874l	+	32132	37929	5798	32132	33938	34175	34328	34168	37929
h1tg001918l	-	3856	13741	9886	3856	5662	13581	13734	9980	13741
h1tg001919l	+	2011	7808	5798	2011	3817	4054	4207	4047	7808
h1tg001919l	+	12305	18102	5798	12305	14111	14348	14501	14341	18102
h1tg001919l	+	23232	29029	5798	23232	25038	25275	25428	25268	29029
h1tg001919l	+	33526	39323	5798	33526	35332	35569	35722	35562	39323
h1tg001920l	-	5593	15149	9557	5593	7399	14989	15142	11387	15149
h1tg001920l	-	15379	24935	9557	15379	17185	24775	24928	21173	24935
h1tg002212l	+	2387	8179	5793	2387	4193	4430	4583	4423	8179
h1tg002212l	+	12672	18473	5802	12672	14477	14714	14866	14707	18473
h1tg002212l	+	22969	28766	5798	22969	24777	25014	25167	25007	28766
h1tg002213l	+	7663	13460	5798	7663	9469	9706	9859	9699	13460
h1tg002213l	+	18111	23908	5798	18111	19917	20154	20307	20147	23908
h1tg002214l	+	7161	10389	3229	7161	8967	9204	9357	9197	10389
h1tg002214l	+	16506	22303	5798	16506	18312	18549	18702	18542	22303
h1tg002215l	+	3476	9273	5798	3476	5282	5519	5672	5512	9273
h1tg002215l	+	13559	19356	5798	13559	15365	15602	15755	15595	19356
h1tg002215l	+	23431	29228	5798	23431	25237	25474	25627	25467	29228
h1tg002215l	+	33303	39100	5798	33303	35109	35346	35499	35339	39100
h1tg002216l	+	2742	8539	5798	2742	4548	4785	4938	4778	8539
h1tg002216l	+	13190	18987	5798	13190	14996	15233	15386	15226	18987
h1tg002216l	+	23305	29102	5798	23305	25111	25348	25501	25341	29102
h1tg002326l	-	3548	13190	9643	3548	5354	13030	13183	9429	13190
h1tg002326l	-	13420	23062	9643	13420	15226	22902	23055	19301	23062
h1tg002365l	+	3978	7206	3229	3978	5784	6021	6174	6014	7206
h1tg002365l	+	13323	19120	5798	13323	15129	15366	15519	15359	19120
h1tg002365l	+	23195	26423	3229	23195	25001	25238	25391	25231	26423
h1tg002372l	-	7773	17658	9886	7773	9579	17498	17651	13897	17658
h1tg002372l	-	17888	27773	9886	17888	19694	27613	27766	24012	27773
